title,company,location,apply_link
Python Developer (Remote),Finsera,No office location,https://stackoverflow.com/jobs/524065
Lead Software Engineer - Python Focus Big Loop Systems (m/f/d),CARIAD,"Ingolstadt, Germany",https://stackoverflow.com/jobs/566377
Women in Leadership Tech -all levels at sustainable start-up (f/x) Munich/Remote,FINN,"München, Germany",https://stackoverflow.com/jobs/566709
Software Entwickler (m/w/d),NOVOMATIC AG,"Gumpoldskirchen, Österreich",https://stackoverflow.com/jobs/554829
Solutions Architect | Senior Consultant | DevOps | Remote,Copado Strategic Services,No office location,https://stackoverflow.com/jobs/517847
Technical Writer (m/f/x) - Munich or Remote,FINN,"München, Germany",https://stackoverflow.com/jobs/566504
(Senior) Software Engineer- ADAS &amp; AD (m/f/d),CARIAD,"Munich, Germany",https://stackoverflow.com/jobs/566563
Frontend Engineer (m/w/d),QuantCo,"Karlsruhe, Deutschland",https://stackoverflow.com/jobs/553014
DevOps Engineer,Picnic,"Amsterdam, Netherlands",https://stackoverflow.com/jobs/166839
DevOps Engineer,Picnic,"Amsterdam, Netherlands",https://stackoverflow.com/jobs/166839
Senior Data Scientist,Choose Your Challenge - Data Careers at Boehringer Ingelheim,"Ingelheim am Rhein, Germany",https://stackoverflow.com/jobs/566536
DevOps Engineer,Esri,"Redlands, CA",https://stackoverflow.com/jobs/566039
Senior DevOps Engineer Consultant |  Full-time or Contract | Remote,Copado Strategic Services,No office location,https://stackoverflow.com/jobs/517961
Senior DevOps Engineer,Higher Logic,"Arlington, VA",https://stackoverflow.com/jobs/529128
Network Software Engineer,Intel Corporation,"Bengaluru, India",https://stackoverflow.com/jobs/539257
"Interview Engineer (Remote, Australia)",Karat.com,No office location,https://stackoverflow.com/jobs/565625
"Interview Engineer (Remote, Mexico)",Karat.com,No office location,https://stackoverflow.com/jobs/565629
